,id,scaled_rp,key,scale,scaled_levenshtein,bpm,scaled_bh,scaled_mfcc,scaled_corr,scaled_skl,aggregated
0,music/Oh_Pretty_Woman/al_green+I_m_Still_In_Love_With_You+06-Oh_Pretty_Womanmp3,0.0, A#, minor,0.0, 112.351646423,0.0,0.0,0.0,8.68042017994217e-05,1.4467366966570284e-05
1,music/Purple_Rain/leann_rimes+Sittin_On_Top_Of_The_World+15-Purple_Rainmp3,0.47259585791293224, D, major,0.3975409836065574, 111.819168091,0.281313180851722,0.06424876955747272,0.583266388526542,0.0045260861950096225,0.30058187777503936
2,music/Addicted_To_Love/robert_palmer+Riptide+03-Addicted_To_Lovemp3,0.40546060637862036, D, major,0.5008196721311475, 111.608444214,0.1752085216466646,0.058387461173071725,0.8064454682810275,0.025763577352188972,0.32868088449378674
3,music/September_Gurls/big_star+Radio_City+10-September_Gurlsmp3,0.47853461863697, E, major,0.2786885245901639, 112.72151947,0.3370669296388458,0.10573440082461527,0.7863996781754198,0.01365526097431011,0.3333465688067208
4,music/We_Can_Work_It_Out/beatles+1+13-We_Can_Work_It_Outmp3,0.449875327699955, D, major,0.26311475409836066, 107.710151672,0.6033837799283014,0.07169608318821699,0.6336653455713981,0.009052987775708132,0.3384647130436567
5,music/Yesterday/beatles+1+11-Yesterdaymp3,0.5161009406678924, F, major,0.2639344262295082, 96.8093490601,0.7461771702121132,0.04642421853191009,0.48535985699935014,0.013542022785010654,0.3452564392376308
6,music/I_Don_t_Like_Mondays/tori_amos+Strange_Little_Girls+09-I_Don_t_Like_Mondaysmp3,0.5160918084597547, B, major,0.3368852459016393, 110.872032166,0.4960939979668448,0.06427650505580887,0.6665421860088387,0.009813003814662321,0.34828379120125813
7,music/Enjoy_The_Silence/depeche_mode+Violator+06-Enjoy_The_Silencemp3,0.552869783793711, G#, major,0.5073770491803279, 112.85710144,0.26271743116220325,0.4443993125252015,0.35353517605170415,0.018078558838541193,0.3564962185919482
8,music/Between_The_Bars/glen_phillips+Capitol_Garage+35-Between_The_Barsmp3,0.5182110357437654, C, major,0.26557377049180325, 91.3132629395,0.6826672763114279,0.18286187140255494,0.4995208516997155,0.0015064278165655832,0.35839020557763873
9,music/Love_Hurts/heart+The_Road_Home+07-Love_Hurtsmp3,0.5056989015114056, G, major,0.4163934426229508, 117.453948975,0.5738956350541714,0.09473428478693377,0.6111204821233905,0.0027743860607370874,0.36743618869326483
10,music/Straight_From_The_Heart/bryan_adams+So_Far_So_Good+02-Straight_From_The_Heartmp3,0.5506178115394784, C, major,0.2778688524590164, 84.6679153442,0.8230411012236657,0.04394557126541446,0.5146303336592518,0.002235821235869257,0.36872324856378264
11,music/Real_Men/tori_amos+Strange_Little_Girls+12-Real_Menmp3,0.4795885057285686, F#, minor,0.32704918032786884, 111.568817139,0.48016411113844115,0.17646880441862628,0.7564814795792926,0.0038758560647597752,0.3706046562095929
12,music/Let_It_Be/beatles+1+26-Let_It_Bemp3,0.559721159881251, C, major,0.3942622950819672, 139.700973511,0.7376650303841517,0.10219150593093791,0.44425994525201884,0.00518747899131916,0.37388123592027434
13,music/I_Don_t_Want_To_Miss_A_Thing/new_found_glory+From_the_Screen_to_Your_Stereo+03-I_Don_t_Want_To_Miss_A_Thingmp3,0.5320378547686272, D, major,0.2721311475409836, 96.5412216187,0.7306721232890838,0.05844368683008317,0.6542684682669879,0.010485275578083441,0.37633975937897485
14,music/All_Along_The_Watchtower/jimi_hendrix_experience+Electric_Ladyland+15-All_Along_The_Watchtowermp3,0.4803009693258715, D#, major,0.32295081967213113, 114.371948242,0.45538989850823147,0.16187169334148643,0.8349304153746345,0.006121780792672309,0.3769275961691712
15,music/Time/tori_amos+Strange_Little_Girls+07-Timemp3,0.5958722419217799, B, major,0.4663934426229508, 135.985366821,0.6216498838304805,0.08612876831678343,0.4949543486910213,0.013665471906653346,0.37977735954827824
16,music/Cecilia/paul_simon+Concert_in_the_Park_Disc_2+11-Ceciliamp3,0.46058433013991956, G, major,0.28852459016393445, 110.373329163,0.4563787101184431,0.27574228114019345,0.7699290371876836,0.029990559388025712,0.3801915846897
17,music/Addicted_To_Love/tina_turner+Tina_Live_In_Europe_CD_1_+09-Addicted_To_Lovemp3,0.45412442810177217, E, major,0.4311475409836066, 111.308662415,0.25385228086112827,0.31395321272061005,0.8062709116836928,0.02543580919462077,0.3807973639242385
18,music/All_Tomorrow_s_Parties/velvet_underground+Andy_Warhol_with_Nico_+06-All_Tomorrow_s_Partiesmp3,0.5738069602562266, F#, major,0.3762295081967213, 93.4740905762,0.7165768044252564,0.08665470426176772,0.5277008782784209,0.016584738307883824,0.38292559895437944
19,music/Let_It_Be/beatles+Let_It_Be+06-Let_It_Bemp3,0.5229579171703677, C, major,0.4139344262295082, 137.028686523,0.7364215965147635,0.23592867255107874,0.4075408236922733,0.0057867296963066165,0.387095027642383
20,music/God_Only_Knows/beach_boys+Pet_Sounds+08-God_Only_Knowsmp3,0.48722192173949896, A, major,0.27459016393442626, 117.590515137,0.7023715784819544,0.06370622416153775,0.8146221638398585,0.0033476954758900803,0.3909766246055277
21,music/Gold_Dust_Woman/sheryl_crow+Live_from_Central_Park+07-Gold_Dust_Womanmp3,0.5065626267661488, G, major,0.4204918032786885, 128.775222778,0.8042716379877095,0.29372956185943877,0.33321827165961126,0.00808454338328184,0.3943930741558131
22,music/We_Can_Work_It_Out/tesla+Five_Man_Acoustical_Jam+04-We_Can_Work_It_Outmp3,0.48691879297435514, G, major,0.26721311475409837, 107.157066345,0.7062317062558506,0.3119789104975607,0.5772597712032576,0.02569659111949627,0.3958831478007698
23,music/Don_t_Let_It_Bring_You_Down/neil_young+After_the_Goldrush+07-Don_t_Let_It_Bring_You_Downmp3,0.5706908086595534, F, major,0.3008196721311475, 132.990905762,0.7802422281610609,0.04967230778731927,0.6265702813211431,0.05085171543752777,0.3964745022496254
24,music/More_Than_Words/extreme+The_Best_Of_Extreme+08-More_Than_Wordsmp3,0.5827900762665515, F#, major,0.39918032786885244, 91.5824508667,0.7444469259467728,0.1325401922403747,0.509907912577503,0.024788127754690168,0.39894226044245745
25,music/I_Don_t_Like_Mondays/boomtown_rats+Best_of_the_Boomtown_Rats+10-I_Don_t_Like_Mondaysmp3,0.571959983773933, B, major,0.4180327868852459, 143.92578125,0.7238459127896127,0.04258174079231304,0.6419643778093935,0.002784024030772257,0.4001948043468784
26,music/Red_Red_Wine/neil_diamond+Hot_August_Night_Disc_1+10-Red_Red_Winemp3,0.5864110724744147, C, major,0.3598360655737705, 129.898986816,0.7683102427864991,0.09971183744976315,0.5834437832812949,0.005197230895991367,0.4004850387436223
27,music/Toys_In_The_Attic/rem+Dead_Letter_Office+07-Toys_In_The_Atticmp3,0.6036694322289248, G, major,0.27377049180327867, 102.517662048,0.785471742814416,0.20209227848157355,0.5244281976526641,0.03830771294209604,0.40462330932049223
28,music/Enjoy_The_Silence/tori_amos+Strange_Little_Girls+04-Enjoy_the_Silencemp3,0.5621947773860291, A#, major,0.36311475409836064, 163.905609131,0.6626878291867933,0.15019119908188994,0.6766091675034667,0.015171066005512332,0.4049947988770087
29,music/Grand_Illusion/reo_speedwagon+Arch_Allies_Disc_1+02-Grand_Illusionmp3,0.4954857123828706, C#, major,0.601639344262295, 178.205612183,0.7113879327559817,0.31170961445580264,0.30570927787834257,0.012588576389087862,0.40642007635406335
30,music/Summer_of_69/mxpx+On_The_Cover+01-Summer_of_69mp3,0.5377368067342214, C, major,0.26967213114754096, 101.593284607,0.6775108486084054,0.2812857528990035,0.6701337221022166,0.01076490172882653,0.4078506938700357
31,music/Tomorrow_Never_Knows/beatles+Revolver+14-Tomorrow_Never_Knowsmp3,0.5497830974431835, F, major,0.29262295081967216, 127.962799072,0.7800746764531753,0.0686092385380249,0.7355908413958386,0.022466787049021282,0.4081912652831527
32,music/She_Came_In_Through_The_Bathroom_Window/joe_cocker+Joe_Cocker_Live+12-She_Came_In_Through_The_Bathroom_Windowmp3,0.5407997796161041, D, major,0.2754098360655738, 93.945350647,0.758005636699005,0.29453448673127114,0.557377654157239,0.024720689796299607,0.40847468051091546
33,music/Lady/styx+Return_To_Paradise_Disc_1_+05-Ladymp3,0.519827739309262, G, major,0.3180327868852459, 128.87399292,0.7512346060925241,0.1105253585259725,0.7442492727202223,0.009111193402596335,0.40883015948930385
34,music/I_Can_t_Get_Next_To_You/annie_lennox+Medusa+06-I_Can_t_Get_Next_To_Yoump3,0.5662713749170029, C, minor,0.2762295081967213, 108.988868713,0.821132993602251,0.09859981428432167,0.6870621472717849,0.004218894150682175,0.40891912207046066
35,music/My_Generation/green_day+Kerplunk+16-My_Generationmp3,0.5436286955170444, F, minor,0.2614754098360656, 106.568016052,0.6440702741339096,0.2601281787124304,0.7315942128360964,0.015556871027528518,0.40940894034384584
36,music/I_Don_t_Want_To_Miss_A_Thing/aerosmith+Armageddon_Original_Soundtrack_+01-I_Don_t_Want_To_Miss_A_Thingmp3,0.49690922686019545, D, major,0.43524590163934423, 120.863586426,0.8069323953254532,0.07411935292514656,0.6396137518456639,0.006465101015450226,0.40988095493520893
37,music/God_Only_Knows/brian_wilson+Brian_Wilson_Live_at_the_Roxy_Theater_Disc_2_+07-God_Only_Knowsmp3,0.4690674451411607, A, major,0.2827868852459016, 116.500022888,0.6981117611641197,0.18079623450800023,0.8249500243347723,0.0036335306002755062,0.4098909801657051
38,music/Street_Fighting_Man/rolling_stones+Get_Yer_Ya-Ya_s_Out_+10-Street_Fighting_Manmp3,0.5982720954028161, B, major,0.38524590163934425, 135.515930176,0.7549110859272159,0.13082423309893168,0.5735299043959243,0.01896232213481349,0.4102909237665076
39,music/Take_On_Me/mxpx+On_The_Cover+05-Take_On_Memp3,0.5335550626741931, F, major,0.2819672131147541, 102.6434021,0.7667093216796619,0.05711957987712745,0.8185337481739715,0.008959320476436028,0.4111407076660239
40,music/My_Heart_Will_Go_On/new_found_glory+From_the_Screen_to_Your_Stereo+07-My_Heart_Will_Go_Onmp3,0.5147784859303449, E, major,0.2786885245901639, 101.541908264,0.6930438124326285,0.16914585742707627,0.8041705895465293,0.009147459528626447,0.41149578824256156
41,music/More_Than_Words/westlife+Westlife+13-More_Than_Wordsmp3,0.5645890809063187, F#, major,0.28442622950819674, 93.9014434814,0.8526147573266776,0.03774240867086728,0.7403713131640247,0.0032490095364121918,0.41383213318541623
42,music/Thin_Line_Between_Love_And_Hate/persuaders+Thin_Line_Between_Love_Hate_Golden_Classics+01-Thin_Line_Between_Love_And_Hatemp3,0.5129760100424017, B, major,0.29262295081967216, 117.390403748,0.696261700576899,0.09169136967666751,0.7917852822655269,0.09891851906418941,0.4140426387408927
43,music/Stone_Cold_Crazy/queen+Sheer_Heart_Attack+08-Stone_Cold_Crazymp3,0.5479250714935853, B, minor,0.2336065573770492, 120.899589539,0.7127546033964054,0.1420242925855522,0.8316059270667909,0.018326178082441514,0.4143737716669708
44,music/All_Along_The_Watchtower/u2+Rattle_and_Hum+05-All_Along_The_Watchtowermp3,0.622361901840367, F#, major,0.39262295081967213, 129.032974243,0.7626550331154809,0.07662135658296446,0.5958376218111376,0.0404970098892371,0.4150993123431432
45,music/Little_Wing/eric_clapton+Crossroads_2_Disc_1+08-Little_Wingmp3,0.5842799884560816, A, major,0.6893442622950819, 154.563201904,0.7035864918414743,0.14944066514239124,0.35928799771899844,0.006771574212166673,0.4154518299443657
46,music/Never_Let_Me_Down_Again/smashing_pumpkins+For_The_Masses_A_Tribute_To_Depeche_Mode+01-Never_Let_Me_Down_Againmp3,0.5781546985967682, C, major,0.3557377049180328, 120.019004822,0.784180422656854,0.052634958885550844,0.7190560053654057,0.0037068496520023765,0.4155784400124356
47,music/My_Heart_Will_Go_On/celine_dion+Au_Coer_Du_Stade+11-My_Heart_Will_Go_Onmp3,0.5776114583480492, D#, major,0.3836065573770492, 99.0313949585,0.7636071251979962,0.15184447295075792,0.6168995184549457,0.003950023211261112,0.41625319259000987
48,music/I_Can_t_Get_Next_To_You/temptations+The_Temptations_The_Ultimate_Collection+14-I_Can_t_Get_Next_To_Yoump3,0.4713303155001322, F, minor,0.2680327868852459, 108.69228363,0.6191216185967808,0.3111539075066133,0.822813394114567,0.007172725658015658,0.41660412471022584
49,music/Straight_From_The_Heart/bonnie_tyler+Faster_Than_The_Speed_Of_Night+09-Straight_From_The_Heartmp3,0.5617250488901088, C#, major,0.2795081967213115, 89.099647522,0.808803984622063,0.07548914452257834,0.7648442131995659,0.03757753981857613,0.4213246879623673
50,music/Let_It_Be/nick_cave+I_am_Sam+20-Let_It_Bemp3,0.5392520469264317, C, major,0.34262295081967215, 136.383224487,0.7755415250072559,0.06415896497711371,0.8054150990519519,0.0072271952667697726,0.4223696303415325
51,music/Tush/zz_top+Fandango+09-Tushmp3,0.5715567034444066, C, major,0.27704918032786885, 144.786575317,0.8212227300918542,0.13394466359596066,0.715493032436394,0.017276141227785834,0.4227570751873784
52,music/Heart_Of_Gold/neil_young+Harvest+04-Heart_Of_Goldmp3,0.6393500794148929, G, major,0.2713114754098361, 85.3595428467,0.7866271504187786,0.07743186178721292,0.5352984732686799,0.22698449584331268,0.4228339226904522
53,music/A_Whiter_Shade_Of_Pale/procol_harum+Greatest_Hits+2-A_Whiter_Shade_Of_Palemp3,0.5180910556832607, C, major,0.41147540983606556, 148.5909729,0.8067880322508115,0.18114926322995734,0.6108486153843573,0.008918726138199554,0.4228785170871087
54,music/Purple_Rain/prince+Purple_Rain+09-Purple_Rainmp3,0.5729469181572516, A#, major,0.7631147540983606, 113.535438538,0.4312994739047395,0.06460010894802841,0.6732499952285989,0.038974369723189115,0.4240309366766947
55,music/Before_You_Accuse_Me/eric_clapton+Unplugged+02-Before_You_Accuse_Memp3,0.5547855293350743, A, major,0.28442622950819674, 99.5403900146,0.7576518214143255,0.19998402058658019,0.7428256537181038,0.014109241980299754,0.42563041609043006
56,music/Grand_Illusion/styx+Return_To_Paradise_Disc_2+01-Grand_Illusionmp3,0.4979373823156051, C#, major,0.660655737704918, 178.205596924,0.6725279583992901,0.11391404654135705,0.6040965079230771,0.007675181977701448,0.42613446914365816
57,music/Something_So_Right/paul_simon+There_Goes_Rhymin_Simon+04-Something_So_Rightmp3,0.5473544850746419, A#, major,0.4901639344262295, 150.428146362,0.8298948765192704,0.11736395897306375,0.5729420652636761,0.004802774538771412,0.42708701579927544
58,music/Don_t_Let_It_Bring_You_Down/annie_lennox+Medusa+04-Don_t_Let_It_Bring_You_Downmp3,0.5140697054888103, F, major,0.369672131147541, 137.225463867,0.7795214691030324,0.08217757448566783,0.8126143925832123,0.004667626256413229,0.42712048317744616
59,music/Walk_This_Way/aerosmith+A_Little_South_Of_Sanity_Disc_2_+08-Walk_This_Waymp3,0.44427476140214206, A, minor,0.2983606557377049, 109.268005371,0.5549695856679157,0.30267908574492314,0.9561557588677356,0.009459236769897565,0.4276498473650532
60,music/Blue_Collar_Man/reo_speedwagon+Arch_Allies_Disc_1+01-Blue_Collar_Manmp3,0.46720820829103593, D, minor,0.4122950819672131, 117.979370117,0.7108206412034347,0.23987068583531623,0.728945971818797,0.011351737055359764,0.42841538769519283
61,music/Love_Hurts/nazareth+_Snaz+15-Love_Hurtsmp3,0.5376634967981772, G#, major,0.22459016393442624, 77.6048278809,0.7622636431908163,0.25566053411674,0.7813285330733988,0.014787459766083177,0.42938230514660686
62,music/A_Whiter_Shade_Of_Pale/annie_lennox+Medusa+03-A_Whiter_Shade_Of_Palemp3,0.5342753971249186, C, major,0.5754098360655737, 146.054702759,0.8745305810789807,0.12114414261723407,0.46676048307375484,0.0043628389242494,0.42941387981411855
63,music/What_s_Going_On/cyndi_lauper+Twelve_Deadly_Cyns+09-What_s_Going_Onmp3,0.5612603153588605, A#, major,0.31065573770491806, 98.9904937744,0.7720622743069441,0.14678129749513694,0.7834676038519558,0.009502907119101355,0.4306216893061528
64,music/Happiness_is_a_Warm_Gun/beatles+White_Album_Disc_1+08-Happiness_is_a_Warm_Gunmp3,0.5843469411643616, A, minor,0.2836065573770492, 140.106704712,0.7360648134874346,0.0353030072037522,0.8844289770341822,0.06301943549704563,0.43112828862730423
65,music/Strange_Little_Girl/stranglers+The_UA_Singles_79-82+24-Strange_Little_Girlmp3,0.5814734237606938, C, major,0.2778688524590164, 124.326950073,0.7761950319988049,0.24420503941404018,0.7166397888185703,0.0024811431753104184,0.43314387993773934
66,music/Walking_After_Midnight/garth_brooks+The_Chase+05-Walking_After_Midnightmp3,0.646245855188406, F, major,0.2573770491803279, 100.239883423,0.7933864609568304,0.27316242284463466,0.6265030995012043,0.004120605788205698,0.43346591557660147
67,music/My_Generation/who+Who_s_Better_Who_s_Best+01-My_Generationmp3,0.5483703297080317, G, minor,0.25901639344262295, 96.4509277344,0.7401784569046042,0.16705303891333342,0.8701573269240964,0.017291457530587088,0.4336778339038793
68,music/Faith/limp_bizkit+Three_Dollar_Bill_Yall+09-Faithmp3,0.513387110771162, D, major,0.2942622950819672, 95.158454895,0.666779843293128,0.19689168560933354,0.9273609298374504,0.003939663539828389,0.4337702546888116
69,music/I_Love_You/celine_dion+Falling_Into_You+09-I_Love_Yoump3,0.5691397459934329, E, major,0.3483606557377049, 88.5106048584,0.8120936015971486,0.05435559138230511,0.819486984697771,0.0036131827622849647,0.4345082936951079
70,music/Caroline_No/brian_wilson+Brian_Wilson_Live_at_the_Roxy_Theater_Disc_2_+11-Caroline_Nomp3,0.5132556271556552, C, major,0.49918032786885247, 143.708587646,0.7587920885011038,0.20095864018238133,0.6316604939585753,0.005290809191590013,0.4348563311430263
71,music/Something_So_Right/annie_lennox+Medusa+10-Something_So_Rightmp3,0.5184951937339934, C, major,0.3877049180327869, 152.389190674,0.6407278413998088,0.35078401593399533,0.7098255373735887,0.006223121117888497,0.43562677126534366
72,music/Lodi/creedence_clearwater_revival+Live_in_Europe+08-Lodimp3,0.536495633694518, A#, major,0.2983606557377049, 132.643798828,0.8177240633125139,0.2759951546652133,0.6802193746529339,0.005979923822568607,0.4357958009809088
73,music/Night_Time_Is_The_Right_Time/creedence_clearwater_revival+The_Concert+12-Night_Time_Is_The_Right_Timemp3,0.5415501847632387, E, major,0.28688524590163933, 109.347229004,0.6743184126299079,0.12468662902503977,0.9058619027366358,0.08878357853315695,0.4370143255982697
74,music/September_Gurls/bangles+Different_Light+09-September_Gurlsmp3,0.563790441554877, E, major,0.2786885245901639, 117.964355469,0.8175388057501775,0.055364814577877626,0.8051078883863243,0.10555590970666515,0.4376743974276809
75,music/Little_Wing/corrs+Talk_on_Corners_Special_Edition+12-Little_Wingmp3,0.5366826673716799, G, major,0.5081967213114754, 140.083862305,0.8506590652214263,0.07196822478409791,0.6639309958365667,0.001699994845683771,0.43885627822848833
76,music/Night_Time_Is_The_Right_Time/aretha_franklin+Aretha_Now+04-Night_Time_Is_The_Right_Timemp3,0.5393441258206374, F, major,0.3614754098360656, 103.113929749,0.7698413464899904,0.053236478563769216,0.8983241008774044,0.015120133764217537,0.4395569325586808
77,music/Claudette/everly_brothers+The_Fabulous_Style_of+01-Claudettemp3,0.6806419891866583, E, major,0.2827868852459016, 155.37802124,0.8512810839604575,0.15250954333772004,0.6573672939604327,0.015078283037687656,0.439944179788143
78,music/Tush/nazareth+_Snaz+16-Tushmp3,0.5482314797809884, C#, major,0.4237704918032787, 147.813034058,0.7817596500679311,0.07730756438291217,0.7944984397047538,0.014648386282299967,0.440036002003694
79,music/Strange_Little_Girl/tori_amos+Strange_Little_Girls+03-Strange_Little_Girlmp3,0.5332626301970337, E, major,0.34098360655737703, 120.022094727,0.7924473464608159,0.09810449400924313,0.8743662549432267,0.0022900008100988083,0.4402423888296325
80,music/No_Woman_No_Cry/bob_marley+Live_+05-No_Woman_No_Crymp3,0.5381039618647061, C, major,0.7057377049180328, 155.662918091,0.8401302185113703,0.22838288613130925,0.3236111723315892,0.0057242149890439934,0.4402816931243419
81,music/No_Woman_No_Cry/fugees+The_Score+05-No_Woman_No_Crymp3,0.5797151457419693, F, major,0.2778688524590164, 89.0296020508,0.8264429894122008,0.04842521426814841,0.903375208256054,0.011952830120858642,0.44129670670970794
82,music/Waiting_In_Vain/annie_lennox+Medusa+09-Waiting_In_Vainmp3,0.5143904427657775, C#, major,0.6844262295081968, 161.648529053,0.847497161781712,0.048614893644126,0.5537173735392785,0.0022960436859553075,0.441823690820841
83,music/All_Along_The_Watchtower/dave_matthews_band+Live_At_Red_Rocks_8_15_95_Disc_2+08-All_Along_The_Watchtowermp3,0.5271398125929618, C, major,0.6196721311475409, 112.17678833,0.45739066006117574,0.2256992170364364,0.8143433369530217,0.007595542076428042,0.44197344997792737
84,music/Never_Let_Me_Down_Again/depeche_mode+Music_For_The_Masses+01-Never_Let_Me_Down_Againmp3,0.6440636106228267, C, major,0.3770491803278688, 106.159973145,0.8101440964808105,0.12605626138221648,0.6782694921126965,0.02584072993373959,0.44357056181002646
85,music/Walking_After_Midnight/bryan_adams+Live_Live_Live_+15-Walking_After_Midnightmp3,0.5629662219298122, C, major,0.25573770491803277, 122.811820984,0.8434135478960968,0.3306819415458102,0.6476539556376459,0.02283566212816618,0.4438815056759273
86,music/I_Can_t_Get_No_Satisfaction/rolling_stones+Big_Hits+01-_I_Can_t_Get_No_Satisfactionmp3,0.6905125943745598, A, major,0.3704918032786885, 136.35697937,0.895138183630837,0.06463101540448686,0.6323240352451482,0.010952885354929212,0.44400841954810827
87,music/What_s_Going_On/marvin_gaye+Live+12-What_s_Going_Onmp3,0.6455370747468714, A, major,0.32786885245901637, 95.2801818848,0.7641864889240323,0.06244673067294101,0.8584859007375591,0.00755103781130721,0.4443460142252879
88,music/Lady/reo_speedwagon+Arch_Allies_Disc_1+04-Ladymp3,0.4994522188743065, G, major,0.4459016393442623, 123.310401917,0.6919132533853644,0.21322451546652132,0.8137049352517476,0.009440504886187128,0.4456061778680649
89,music/All_Tomorrow_s_Parties/japan+Quiet_Life+06-All_Tomorrow_s_Partiesmp3,0.6532691791507147, B, major,0.5254098360655738, 121.093574524,0.782612750327835,0.14927171815527226,0.5176135106669677,0.05048598795258778,0.4464438303864919
90,music/Ooby_Dooby/creedence_clearwater_revival+Cosmo_s_Factory+04-Ooby_Doobymp3,0.7767103969937377, E, major,0.2786885245901639, 95.3735733032,0.7989350833960834,0.2887880736526336,0.5350255867752016,0.009162322841547638,0.4478849980415613
91,music/The_Boxer/paul_simon+Concert_in_the_Park_Disc_2+10-The_Boxermp3,0.6072055644915529, C, major,0.32049180327868854, 104.250892639,0.7190132205389924,0.2567994758087743,0.7425214124870945,0.04303551282511531,0.44817783157170293
92,music/Rattlesnakes/lloyd_cole_and_the_commotions+Rattlesnakes+03-Rattlesnakesmp3,0.5487351134916518, A, major,0.3942622950819672, 152.103897095,0.8559414459345195,0.19099745603307322,0.6882825872271703,0.014211971008357825,0.4487384781294566
93,music/Maggie_s_Farm/bob_dylan+Live_at_Budokan_Disc_1+06-Maggie_s_Farmmp3,0.5782011669044741, A, minor,0.49508196721311476, 126.578773499,0.7814348079996257,0.18564648497215094,0.621314883225329,0.034892931810026735,0.4494287070207869
94,music/Blue_Collar_Man/styx+Caught_In_The_Act_Disc_2_of_2_+02-Blue_Collar_Man_Long_Nights_mp3,0.5595464370261091, D, minor,0.4081967213114754, 126.074867249,0.7187739903010146,0.23252713453946056,0.7438518694082376,0.03792389864179659,0.4501366752046823
95,music/Wish_You_Were_Here/pink_floyd+Wish_You_Were_Here+04-Wish_You_Were_Heremp3,0.6122252012617584, G, major,0.48032786885245904, 120.611488342,0.6922715957351023,0.29872524714087584,0.605203379142653,0.01757232646202599,0.4510542697658124
96,music/Between_The_Bars/elliott_smith+Either_Or+04-Between_The_Barsmp3,0.6162085594521886, D#, major,0.2565573770491803, 135.676589966,0.7965695913015965,0.17993226611899096,0.8465909704047951,0.01449105936184093,0.45172497061476546
97,music/River_Deep_Mountain_High/tina_turner+Tina_Live_In_Europe_CD_2_+05-River_Deep_Mountain_Highmp3,0.5469933339926014, D, major,0.44426229508196724, 143.944198608,0.80477716025257,0.3008319818682122,0.585438056593949,0.03380030393971153,0.4526838552881685
98,music/Summer_of_69/bryan_adams+Live_Live_Live_+13-Summer_of_69mp3,0.5552095967903063, D, major,0.44672131147540983, 138.499053955,0.7793973269189851,0.2775804121747068,0.6258720383586724,0.03330146982087201,0.4530136925898254
99,music/Red_Red_Wine/ub40+Labour_of_Love+06-Red_Red_Winemp3,0.6529749807769542, C#, major,0.34918032786885245, 89.1565170288,0.8236330904311426,0.07772961337019953,0.7861000221539085,0.028834081472284067,0.4530753526788902
100,music/Take_Me_To_The_River/al_green+Anthology+39-Take_Me_To_The_Rivermp3,0.7043153972056452, A, major,0.34098360655737703, 118.08177948,0.7708962532500555,0.22043448495885787,0.6830341149596588,0.0038046417812637777,0.4539114164521431
101,music/I_Love_You/faith_hill+Faith+10-I_Love_Yoump3,0.5582961822324566, D#, major,0.3262295081967213, 89.7518692017,0.868374175005269,0.054286944985399745,0.9110500838491483,0.006235242351158095,0.45407868943669216
102,music/She_Came_In_Through_The_Bathroom_Window/beatles+Abbey_Road+13-She_Came_In_Through_The_Bathroom_Windowmp3,0.6866459871765634, D, major,0.27459016393442626, 162.58531189,0.828212116136321,0.08593134501796784,0.8418253317665872,0.010679576023621374,0.45464742000924785
103,music/White_Room/cream+Live_Cream_Volume_II+02-White_Roommp3,0.5292128238402095, G, major,0.4737704918032787, 111.811828613,0.5061846750799656,0.22060561976861146,0.9711723769895887,0.027054518253202993,0.4546667509558095
104,music/Day_Tripper/beatles+1+12-Day_Trippermp3,0.6907097693436314, E, major,0.28032786885245903, 137.06993103,0.8093330979259503,0.07662911089103647,0.8667571046702572,0.011420448017946056,0.4558628999502134
105,music/Caroline_No/beach_boys+Pet_Sounds+13-Caroline_Nomp3,0.5803307372971489, C#, major,0.30245901639344264, 152.130386353,0.7664722040720447,0.12436140503631232,0.9205745053000439,0.047977477791259084,0.45702922431504195
106,music/White_Room/sheryl_crow_+Live_from_Central_Park+12-White_Roommp3,0.5269526780074228, G, major,0.4377049180327869, 106.896240234,0.7077874573135491,0.3258513122504774,0.7390784706096469,0.013659303473432794,0.45850568994788593
107,music/All_Along_The_Watchtower/bob_dylan+Before_The_Flood_Disc_Two_+07-All_Along_the_Watchtowermp3,0.6019593379603188, A, minor,0.32786885245901637, 144.494049072,0.7500898119406874,0.06764435336824988,0.9442167342464705,0.07134010749003399,0.46051986624412944
108,music/Toys_In_The_Attic/aerosmith+Toys_In_The_Attic+01-Toys_In_The_Atticmp3,0.5532091891204624, E, minor,0.2754098360655738, 98.9608612061,0.8475424324322964,0.23365718647116948,0.8441059045443282,0.011303186804079119,0.46087128923965154
109,music/Wish_You_Were_Here/wyclef_jean+The_Ecleftic_2_Sides_II_A_Book+19-Wish_You_Were_Heremp3,0.6877237390993726, G, major,0.29098360655737704, 87.9630889893,0.8760167662369476,0.1752398850589992,0.7423040102330389,0.0035477104319246765,0.4626359529362767
110,music/Hush/deep_purple+Nobody_s_Perfect_Disc_2_2_+07-Hushmp3,0.4613297403223821, C, minor,0.28770491803278686, 109.125686646,0.6835152961983216,0.47242595743549526,0.8601506816968569,0.01551882655800122,0.4634409033739741
111,music/Come_Together/beatles+1+25-Come_Togethermp3,0.653723670481676, D, minor,0.5188524590163934, 172.265731812,0.7696034240708073,0.12885882063620774,0.7093915609407708,0.003418739251352132,0.4639747790662012
112,music/Heart_Of_Gold/tori_amos+Strange_Little_Girls+08-Heart_Of_Goldmp3,0.5114966427782902, E, minor,0.3557377049180328, 120.021446228,0.8361784428204018,0.27423924699022073,0.7960755906380044,0.010404472510281107,0.4640220167758719
113,music/River_Deep_Mountain_High/celine_dion+Falling_Into_You+12-River_Deep_Mountain_Highmp3,0.6443199683551329, D#, major,0.4959016393442623, 166.131088257,0.9205359240217641,0.11636768270257576,0.599222840334594,0.008301517573886417,0.4641082620553692
114,music/Proud_Mary/creedence_clearwater_revival+Live_in_Europe+10-Proud_Marymp3,0.5416737470711344, D, major,0.29180327868852457, 135.161499023,0.7667020783755684,0.2897228001028,0.8879417513178176,0.007186827860873715,0.4641717472361197
115,music/Walk_This_Way/run_dmc+Raising_Hell+04-Walk_This_Waymp3,0.6217604879121855, C, major,0.3680327868852459, 105.573783875,0.938365417649417,0.06635516503383093,0.7628050789039154,0.028294306035846217,0.4642688737367402
116,music/Rattlesnakes/tori_amos+Strange_Little_Girls+06-Rattlesnakesmp3,0.5815739285043966, F, major,0.3729508196721312, 125.512763977,0.8585440053359007,0.29159840106167556,0.6731055992151795,0.008449524420035857,0.4643703797015532
117,music/Take_Me_To_The_River/annie_lennox+Medusa+02-Take_Me_To_The_Rivermp3,0.43973958575092986, E, minor,0.2901639344262295, 109.008804321,0.6970563513968259,0.4228816061165982,0.9453863674831555,0.004915171415585754,0.4666905027648874
118,music/Cecilia/simon_and_garfunkel+Collected_Works_-_Disc_3+03-Ceciliamp3,0.6861018892066382, B, major,0.23442622950819672, 103.134170532,0.8393739974437172,0.07963897326314577,0.8145549093004216,0.14950667931991574,0.46726711300700585
119,music/Happiness_is_a_Warm_Gun/tori_amos+Strange_Little_Girls+10-Happiness_is_a_Warm_Gunmp3,0.5058141388781814, D#, major,1.0, 136.591781616,0.8082045509076011,0.17396227972226283,0.3295608086753272,0.0,0.46959029636389543
120,music/Summertime_Blues/alan_jackson+Who_I_Am+01-Summertime_Bluesmp3,0.7780279072208016, D, major,0.3729508196721312, 161.812835693,0.8615943417722856,0.024738418456250195,0.7768603603558699,0.006645513222149565,0.470136226783248
121,music/Stone_Cold_Crazy/metallica+Live_Shit_Binge_And_Purge_Disc_3_+09-Stone_Cold_Crazymp3,0.5795978397534607, G, minor,0.48360655737704916, 126.058242798,0.6381286018461372,0.12233723984296418,0.9811246856563344,0.016946520983532734,0.47029024090991306
122,music/I_m_Not_In_Love/10cc+The_Very_Best_of_10cc+07-I_m_Not_In_Lovemp3,0.6217480257275999, D#, major,0.5352459016393443, 133.520217896,0.8512371211286678,0.05869699653493205,0.7317018889779507,0.02553116783068988,0.4706935169731974
123,music/Time/tom_waits+Rain_Dogs+09-Timemp3,0.6690166377732346, D, major,0.29918032786885246, 89.5328903198,0.6547647108236593,0.04106135291628449,0.735511965906114,0.42924666009738915,0.4714636092309223
124,music/Come_Together/aerosmith+Live_Bootleg+06-Come_Togethermp3,0.5593085959810211, D, minor,0.5795081967213115, 163.776016235,0.7672873272861804,0.2675119416344309,0.643824353208809,0.026670701102567057,0.47401851932238664
125,music/Hush/milli_vanilli+All_Or_Nothing+12-Hushmp3,0.9125227296119669, G#, minor,0.2860655737704918, 100.840080261,0.8874660155741099,0.03689355772085377,0.6996221256110509,0.026416605257809957,0.47483110125771383
126,music/Downtown_Lights/blue_nile+Hats+02-Downtown_Lightsmp3,0.6698580118224254, E, major,0.48770491803278687, 98.2924575806,0.8386557534218324,0.07247367412409551,0.7718405943445343,0.00888123530442462,0.4749023645083499
127,music/Cocaine/nazareth+_Snaz+08-Cocainemp3,0.5844214620009324, G, major,0.5598360655737705, 165.70930481,0.7315898599778777,0.18221844384330094,0.7600017796127403,0.0367476835895851,0.47580254909970116
128,music/Proud_Mary/tina_turner+Tina_Live_In_Europe_CD_2_+07-Proud_Marymp3,0.5681920649688496, D, major,0.4639344262295082, 172.265701294,0.7371376776055649,0.19347497130906013,0.8621101337718547,0.03668125043930246,0.4769217540540233
129,music/Thin_Line_Between_Love_And_Hate/annie_lennox+Medusa+08-Thin_Line_Between_Love_And_Hatemp3,0.5174851008781047, C, major,0.5491803278688525, 150.035003662,0.8554626836542268,0.27226250769892013,0.6663490730761914,0.00480430349765722,0.4775906661123255
130,music/Gold_Dust_Woman/fleetwood_mac+Rumours+11-Gold_Dust_Womanmp3,0.6026901668822743, D, major,0.44754098360655736, 123.336181641,0.9108928730414785,0.08455738547994736,0.8092311651497007,0.023080739665341948,0.47966555230421665
131,music/New_Age/tori_amos+Strange_Little_Girls+01-New_Agemp3,0.5788093921481173, A#, major,0.48770491803278687, 152.954711914,0.7972236013003743,0.4995301997066656,0.5165081416732415,0.004482791031969654,0.4807098406488592
132,music/The_Boxer/simon_and_garfunkel+Collected_Works_Disc_3+06-The_Boxermp3,0.6626987138218241, B, major,0.34262295081967215, 93.1609115601,0.7747565319261203,0.030918582950048963,0.8168445335681394,0.26141875394221376,0.4815433445046698
133,music/Day_Tripper/cheap_trick+Silver+13-Day_Trippermp3,0.6285364349877598, E, major,0.4713114754098361, 152.003646851,0.7444519057183371,0.25425121631860903,0.7713359759279952,0.027342333476227,0.4828715569731274
134,music/Take_Me_To_The_River/talking_heads+Stop_Making_Sense+09-Take_Me_To_The_Rivermp3,0.5497642780308336, E, major,0.5131147540983606, 119.755348206,0.7723437068514112,0.10877964222730314,0.9168141507294906,0.0467112373917569,0.48458796155485934
135,music/It_s_Tricky/bloodhound_gang+One_Fierce_Beer_Coaster+06-It_s_Trickymp3,0.665180656267722, G, minor,0.2819672131147541, 146.948287964,0.8237811757592768,0.17538648302249635,0.9750846881729901,0.009369667321007535,0.48846164727637453
136,music/Maggie_s_Farm/rage_against_the_machine+Renegades+12-Maggie_s_Farmmp3,0.7458266313352802, E, minor,0.4713114754098361, 87.1339187622,0.7121920904125313,0.11472692650245257,0.8793561571947042,0.009856698631889356,0.48887832991444885
137,music/Waiting_In_Vain/bob_marley_the_wailers+Legend+10-Waiting_in_Vainmp3,0.6768936970609426, C#, major,0.4704918032786885, 155.625091553,0.8152272863313319,0.22201801159601384,0.7291419777394502,0.022854031132573744,0.48943780118983343
138,music/I_m_Losing_You/cheap_trick+Silver+08-I_m_Losing_Yoump3,0.5456490325913876, A, minor,0.3918032786885246, 107.852676392,0.737412822559673,0.3116196367882099,0.930502784128223,0.02284682930474213,0.48997239734346004
139,music/Yesterday/en_vogue+Funky_Divas+09-Yesterdaymp3,0.6845906348953278, F, major,0.2836065573770492, 161.960662842,0.813627823945458,0.3714960497339165,0.7875287894300786,0.011113259248796165,0.49199385243843774
140,music/Summertime_Blues/beach_boys+Surfin_USA_Surfin_Safari+09-Summertime_Bluesmp3,0.9812136855977509, G#, minor,0.22131147540983606, 151.338317871,0.84304383758299,0.22958139752571108,0.6763174240440122,0.004605035664827264,0.4926788093041879
141,music/America/paul_simon+Concert_in_the_Park_Disc_2+09-Americamp3,0.6242260327467866, D, major,0.3549180327868853, 172.265548706,0.6651001512542737,0.20951074193219632,0.8548451552975312,0.25110253012866357,0.49328377402438944
142,music/Claudette/roy_orbison+Black_and_White_Night+15-Claudettemp3,0.5828795819971382, E, major,0.30901639344262294, 142.850524902,0.8127817154860333,0.2685102257168304,0.9544125507600512,0.03709311355591973,0.49411559682643263
143,music/Before_You_Accuse_Me/creedence_clearwater_revival+Cosmo_s_Factory+02-Before_You_Accuse_Memp3,0.8580190878286333, E, major,0.3, 118.708892822,0.802500298031783,0.1015931641343312,0.9063630506532938,0.004478483904339139,0.4954923474253968
144,music/I_m_Not_In_Love/tori_amos+Strange_Little_Girls+05-I_m_Not_In_Lovemp3,0.6548254890524502, A#, minor,0.5073770491803279, 136.020126343,1.0,0.14695460628054643,0.6607954049719622,0.008177068472735789,0.4963549363263371
145,music/Take_On_Me/a_ha+Hunting_High_and_Low+01-Take_On_Memp3,0.6454158333316515, A, major,0.4713114754098361, 172.265365601,0.8367891941975099,0.06340463004196188,0.8658934357293288,0.09726036000623169,0.49667915478608665
146,music/Lodi/tesla+Five_Man_Acoustic_Jam+09-Lodimp3,0.6264412743517142, C, major,0.29098360655737704, 129.092514038,0.8704355992299966,0.29826059792361787,0.8762409825436459,0.030995983763052307,0.49889300739490067
147,music/Train_In_Vain/annie_lennox+Medusa+05-Train_In_Vainmp3,0.7398661753101419, E, major,0.3483606557377049, 106.013427734,0.8610818780076689,0.1353770227666485,0.9261851770066973,0.0021871556456995126,0.5021763440790935
148,music/Downtown_Lights/annie_lennox+Medusa+07-Downtown_Lightsmp3,0.6834004205861162, E, major,0.4934426229508197, 98.2976226807,0.878699203186249,0.06534652341136382,0.8937909067495836,0.00713158903928635,0.5036352109872365
149,music/I_m_Losing_You/john_lennon+Double_Fantasy+05-I_m_Losing_Yoump3,0.9118626879166255, A, minor,0.28114754098360656, 97.8610610962,0.7963125546077223,0.19538221261426528,0.8362548999817206,0.005480376917740134,0.5044067121702801
150,music/Abracadabra/steve_miller_band+Steve_Miller_Band_Live_+09-Abracadabramp3,0.6420904986690185, A, minor,0.3434426229508197, 132.226074219,0.8747343996080568,0.2577246201496803,0.8953467921669962,0.020674246146139347,0.5056688632817852
151,music/Faith/george_michael+Faith+01-Faithmp3,0.7256266410224844, B, major,0.2598360655737705, 95.888885498,0.8435159098671406,0.3119531828111361,0.8519187803733261,0.04718983718772757,0.5066734028059309
152,music/Cocaine/eric_clapton+Crossroads_2_Disc_3+07-Cocainemp3,0.5726542334091491, D, major,0.5131147540983606, 99.0495834351,0.7966528389979493,0.28482761619276764,0.8640240994885324,0.01860829576244536,0.5083136396582008
153,music/Real_Men/joe_jackson+Night_and_Day+08-Real_Menmp3,0.5754527758885487, G, major,0.31721311475409836, 112.984703064,0.3041068779699433,0.08174744578630899,0.8199803752953727,0.9529404693221011,0.5085735098360622
154,music/Ooby_Dooby/roy_orbison+Black_and_White_Night+05-Ooby_Doobymp3,0.6041092918451904, E, major,0.4901639344262295, 163.758422852,0.7644823577759636,0.24211979519764623,0.9081014924338425,0.07244270638943102,0.5135699296780506
155,music/Train_In_Vain/clash+London_Calling+19-Train_In_Vainmp3,0.7261562081860912, A, major,0.2934426229508197, 121.264533997,0.8423157346194222,0.14937954457840935,0.9348633158839287,0.14191446198573554,0.5146786480340677
156,music/It_s_Tricky/run_dmc+Raising_Hell+02-It_s_Trickymp3,0.8081263029794208, E, minor,0.25163934426229506, 127.798347473,0.8773555702769005,0.11251867957426633,1.0,0.041839191164550864,0.5152465147095723
157,music/Oh_Pretty_Woman/roy_orbison+Black_and_White_Night+17-Oh_Pretty_Womanmp3,0.6722947977695213, E, major,0.6295081967213115, 130.243362427,0.8094514555268674,0.19314341925106676,0.7863148974679947,0.009701887002301578,0.5167357756231772
158,music/I_Can_t_Get_No_Satisfaction/britney_spears+Oops_I_Did_It_Again+04-_I_Can_t_Get_No_Satisfactionmp3,1.0, B, major,0.3442622950819672, 109.955062866,0.8041135428157238,0.1726413748831315,0.7943770570752705,0.003395354886657046,0.5197982707904584
159,music/Street_Fighting_Man/rage_against_the_machine+Renegades+11-Street_Fighting_Manmp3,0.7747896060335137, D, minor,0.45737704918032784, 131.388305664,0.7852594737638975,0.11999226784709391,0.9918155408716159,0.010785753814072251,0.5233366152517535
160,music/America/simon_and_garfunkel+Bookends+03-Americamp3,0.7015886005824431, G, major,0.42131147540983604, 178.205627441,0.7948143978777119,0.1191048011352307,0.7451093229360461,0.3826494241808158,0.5274296703536806
161,music/Abracadabra/sugar_ray+14_59+11-Abracadabramp3,0.8590106135431151, G#, minor,0.34672131147540985, 128.680084229,0.9504348748995872,0.161143536119567,0.8743519974347846,0.00685609508989662,0.5330864047603935
162,music/Tomorrow_Never_Knows/phil_collins+Face_Value_+12-Tomorrow_Never_Knowsmp3,0.6733708847041063, C, major,0.3557377049180328, 100.414756775,0.8157765702250908,1.0,0.7431069407630763,0.0662207792076861,0.6090354799696653
163,music/New_Age/velvet_underground+Loaded+05-New_Agemp3,0.6930411060365409, D, major,0.5418032786885246, 163.323226929,0.7325546781432796,0.097817314594494,0.6635483658740088,1.0,0.6214607905561413
