,id,scaled_skl,scaled_rp,scaled_levenshtein,scaled_corr,scaled_mfcc,scaled_bh,aggregated
0,music/Small Cover Song Library/Sia - Chandelier.mp3,0.0,0.0,0.0,0.0,0.0,0.0,0.0
1,music/Small Cover Song Library/Pvris - Chandelier.mp3,2.2991007864220274e-07,0.2552868396258194,0.1408379606259465,0.7710982776189524,0.05688891771882996,0.10760622162824986,0.22195307452131283
2,music/New Pop/Sigrid - Strangers.mp3,1.6625221286344522e-07,0.3276378767874686,0.18021201413427562,0.710031674911294,0.13075537559844738,0.6116925884749381,0.32672161602643945
3,music/Old Pop/David Bowie - Life On Mars.mp3,3.956513671447212e-07,0.2957474311030847,0.17163048965169106,0.8109871247426277,0.08223163675999061,0.6174125328262691,0.3296682684558384
4,music/Rock/Billy Talent - Cure for the Enemy.mp3,4.6399884384689913e-07,0.3311815417504196,0.17869762746087833,0.835192618909703,0.10996938286658456,0.5381210647082145,0.3321937832824406
5,music/Other Metal/System Of A Down-Toxicity.mp3,3.4817011712022566e-07,0.26236434042270784,0.17718324078748107,0.8268011591128741,0.21941828678517636,0.5254324322015567,0.33519996791331885
6,music/Rock/Pvris - My House.mp3,2.2524452025214004e-07,0.30733506922622883,0.19030792529025745,0.7723656159083392,0.08048994189503089,0.6853400978003436,0.3393064792274534
7,music/Other Metal/Gojira - Global warming.mp3,8.604832330979374e-07,0.33518579316294833,0.32912670368500757,0.6076176365859567,0.08400294379267365,0.7060965208948637,0.3436717431007805
8,music/Klassik Solo/Toccaqta & Fugue D Minor BWV 565 Toccata.mp3,5.171879018531552e-07,0.5268013450069533,0.1287228672387683,0.8126248576477647,0.11449072747548042,0.4897776126114044,0.34540298786137885
9,music/Klassik Solo/Bach - Toccaqta & Fugue D Minor BWV 565 Toccata.mp3,5.171879018531552e-07,0.5268013450069533,0.1287228672387683,0.8126248576477647,0.11449072747548042,0.4897776126114044,0.34540298786137885
10,music/Jazz/Jukka Perko Avara - Tears In Heaven.mp3,1.3924497997887333e-06,0.4470440214259929,0.12014134275618374,0.695971971234437,0.09312137943949314,0.7298894392200058,0.34769492442098543
11,music/New Pop/Halsey - Heaven In Hiding.mp3,5.1740130397218014e-08,0.3162768114003819,0.16102978293791015,0.8588877972405897,0.10404649831936648,0.6718890410126677,0.35202166377517435
12,music/New Pop/Anna Burch - 2 Cool 2 Care.mp3,2.0267960728166142e-07,0.3514434490740508,0.1640585562847047,0.8672271571783907,0.07780796720432624,0.6729475819716616,0.35558081906545685
13,music/New Pop/Aurora - Running With The Wolves.mp3,2.1379308005794604e-07,0.3403928433885407,0.19535588086824837,0.7042851928435157,0.16954152928322186,0.7253877727647089,0.3558272388235526
14,music/Electronic/Alan Walker - Faded.mp3,1.8702500596039416e-07,0.3350975572477634,0.1287228672387683,0.7376278971699277,0.19845945007432522,0.7594181322212042,0.35988768182949915
15,music/Small Cover Song Library/Alan Walker - Faded.mp3,1.8702500596039416e-07,0.3350975572477634,0.1287228672387683,0.7376278971699277,0.19845945007432522,0.7594181322212042,0.35988768182949915
16,music/Klassik Solo/Lang Lang_La Campanella II etude for piano in G sharp minor (Grand Paganini Étude No 3) S 141 3 (LW A173 3).mp3,1.1876865637499386e-05,0.580044505089528,0.2640080767289248,0.6266823117242943,0.16712769761127927,0.5238806422189504,0.36029251837310233
17,music/Klassik Orchester/Tchaikovsky_ Piano Concerto No1 In B Flat Minor Op23 TH55 - 1 Allegro non troppo e mo.mp3,1.8831784898943067e-06,0.5396024406406078,0.15648662291771834,0.8870947079703041,0.09971127476466027,0.4921885710670768,0.3625142500898096
18,music/Small Cover Song Library/Serj Tankian - Empty Walls (Orchestra).mp3,4.007516529115381e-07,0.28794292669732213,0.21958606764260474,0.8484059999267961,0.2688079725283564,0.5646376949422351,0.3648968437481612
19,music/Melodic Death Metal/Orbit Culture - Sun Of All.mp3,7.729309930254698e-07,0.36879000153847236,0.21756688541140837,0.8465768666261531,0.05956143235595286,0.7095438279863773,0.36700663114155946
20,music/Jazz/Paolo Fresu Jan Lundgren - Kristallen den fina.mp3,8.003873040433991e-06,0.5051124542857517,0.15446744068652196,0.8619698451664535,0.203052570089757,0.47775746783621503,0.36706129698962325
21,music/Electronic/Dynatron - Pulse Power.mp3,5.337738796817991e-07,0.45962515573261953,0.3003533568904594,0.5524441708014645,0.18557914712028928,0.7049376813878929,0.36715667428443427
22,music/Klassik Orchester/Ludovico Einaudi - Divenire.mp3,1.2308481799180934e-06,0.5826512604915268,0.303886925795053,0.6617559204654481,0.12573342915414273,0.529903274326445,0.3673220068467993
23,music/Small Cover Song Library/Game of Thrones Theme Taylor Davis.mp3,1.1558366153042468e-06,0.5212402701678142,0.1872791519434629,0.7227571998829574,0.16278206799763315,0.6220954415654029,0.36935921456564763
24,music/Sountrack/Lord Of The Rings - The Battle Of The Pelennor Fields.mp3,1.0594117099480035e-06,0.5740250559833,0.2337203432609793,0.7137238537279429,0.12413477909938882,0.5768222062777333,0.3704045496268424
25,music/Jazz/Michael Wollny Vincent Peirani The Kiss.mp3,7.230630595283479e-07,0.5288979409608715,0.23826350328117113,0.7138734749318452,0.22245150996535246,0.5345348091815645,0.3730036602306441
26,music/Klassik Orchester/Orchestre Montreal - Saint-Saëns_ Danse Macabre Op40 R171.mp3,1.29939879684577e-06,0.6154871376671329,0.33871781928319034,0.6648100130743786,0.11174262591023315,0.519583396032371,0.3750570485610172
27,music/Other Metal/Behemoth - Chant For Ezkaton 2000 EV.mp3,1.2499605628590362e-06,0.41262593100202816,0.18626956082786472,0.897055535401417,0.10808181617540681,0.6478071147214075,0.37530686801478125
28,music/Klassik Solo/JS Bach_ Toccata And Fugue In D Minor BWV 565 - Toccata.mp3,3.3766205980546526e-06,0.5607478886226449,0.15497223624432105,0.9095329902420872,0.1479268028574114,0.48089246950258074,0.37567929401494055
29,music/Jazz/Eric Bibb Celtic Roots Ensemble - St James Infirmary.mp3,2.967879821234465e-07,0.3572817254621199,0.25946491670873295,0.8380626859318847,0.07282673199060999,0.7279393224250648,0.375929279884399
30,music/Small Cover Song Library/Alan Walker - Faded (Piano Version).mp3,6.202224365313817e-06,0.49035684514622024,0.19586067642604746,0.7180549643531742,0.2172982007770092,0.6427065840948964,0.37738057883695214
31,music/Sountrack/The Witcher 3 - The Fields of Ard Skellig.mp3,7.262037253399813e-07,0.5519631611283338,0.17970721857647654,0.7959797986587223,0.17662504140423452,0.5626368613710985,0.37781880122376515
32,music/Sountrack/The Hobbit 3 - Howard Shore_Ironfoot [Extended Version].mp3,7.04634730696209e-07,0.5399490996920039,0.3190307925290257,0.7707373166411964,0.05514602934711022,0.5862066617232247,0.3785117674278819
33,music/Jazz/Lou Tavano - The Call.mp3,3.836076155049493e-07,0.4162188673022334,0.22463402322059567,0.8590955259371111,0.2537770913934457,0.5177437928251353,0.3785782807143561
34,music/Rock/twenty one pilots - Car Radio.mp3,2.5392768883683756e-07,0.3556712566101521,0.209994952044422,0.8036109478221967,0.11174039289758537,0.7992845649017328,0.38005039470062957
35,music/Small Cover Song Library/Rachmaninoff - Op 3_ No 2 by Idil Biret.mp3,8.897799544575919e-06,0.6627607233032309,0.17163048965169106,0.7964230392718332,0.19408969732404566,0.4563431006038642,0.38020932465903495
36,music/Klassik Solo/Yuja Wang - Saint-Saëns_ Danse macabre Op40.mp3,1.593334254603089e-05,0.562187265269841,0.35133770822816757,0.7219501934195688,0.16041965061690108,0.48590814361485646,0.3803031490819802
37,music/Small Cover Song Library/The Jackson 5 - I Want You Back.mp3,5.005671900560889e-07,0.35895423597752824,0.13023725391216556,0.9430656147143455,0.056550577802472676,0.7959361226684097,0.38079071760701866
38,music/Old Pop/The Jackson 5 - I Want You Back.mp3,5.005671900560889e-07,0.35895423597752824,0.13023725391216556,0.9430656147143455,0.056550577802472676,0.7959361226684097,0.38079071760701866
39,music/Old Pop/Aliotta Haynes Jeremiah - Lake Shore Drive.mp3,4.097536896607502e-07,0.33089252513592354,0.1453811206461383,0.9118137056145661,0.16258792789802362,0.7380340516855921,0.38145162345565553
40,music/Hip Hop German/Yung Larry - Lauch.mp3,2.246853037156976e-07,0.4640379570293607,0.12973245835436648,0.7592856384001148,0.08510037600852971,0.8518984113701636,0.38167584430797313
41,music/Klassik Orchester/Mozart_ Requiem In D Minor K626 - 3 Sequentia_ Lacrimosa.mp3,2.0912716355297724e-06,0.6153887961001234,0.15042907622412924,0.8840898192066501,0.164368969985846,0.4805673803435037,0.38247435552198134
42,music/Hip Hop German/Prinz Pi - Kompass ohne Norden.mp3,2.2558451988640205e-07,0.418080092067013,0.13124684502776376,0.9701489201432617,0.179669374647338,0.6028683473135013,0.3836689674638996
43,music/Klassik Solo/Alice Sara Ott - Prélude in D Flat Major (_Raindrop_) Op28 No15.mp3,3.179033278944973e-05,0.6223522438066432,0.2973245835436648,0.5973238942017519,0.23796599783941177,0.5530037204847329,0.3846670383681657
44,music/Electronic/Kadebostany - Early Morning Dreams (Kled Mone Remix).mp3,3.4330004444262137e-07,0.5859896952517514,0.3069156991418476,0.5965975269790342,0.10666718616294242,0.7119352822872466,0.3846842888538111
45,music/Rock/Sum 41 - Pieces.mp3,3.2370761316545116e-07,0.343456741274197,0.12115093387178193,0.8968789900011077,0.11735366969118513,0.8292898402827762,0.38468841647144353
46,music/Klassik Orchester/J Strauss I_ Radetzky-Marsch Op228.mp3,1.4356238246715481e-06,0.49960799120758015,0.12317011610297829,0.8561607017381261,0.12699953632537375,0.7027673139995089,0.38478451583289863
47,music/Old Pop/Electric Light Orchestra - Mr Blue Sky.mp3,5.083368364396032e-07,0.378127020501904,0.31196365471983845,0.7934760568064908,0.135886904663428,0.6925534690125575,0.38533460234017586
48,music/Small Cover Song Library/Rachmaninov - Op3 No2 by Rachmaninov.mp3,6.408125334588229e-05,0.6158376177610099,0.1574962140333165,0.8373253559356082,0.2252064315692284,0.47669438685956406,0.3854373479020122
49,music/Klassik Solo/Rachmaninov - Prélude in C sharp minor Op3 No2.mp3,6.408125334588229e-05,0.6158376177610099,0.1574962140333165,0.8373253559356082,0.2252064315692284,0.47669438685956406,0.3854373479020122
50,music/Sountrack/Vikings - Floki Appears to Kill Athelstan.mp3,8.84542290297331e-07,0.5664814131421739,0.1287228672387683,0.7974319561707586,0.22588649942113273,0.5945168056220711,0.3855067376895325
51,music/Hip Hop English/Achozen - Deuces.mp3,5.269596024171e-07,0.6498114114428156,0.12771327612317013,0.9170976406843613,0.0930790621998083,0.5268898376065553,0.38576529250271885
52,music/Other Metal/Kvelertak - Åpenbaring.wav,1.3020764113998242e-06,0.43540628239716117,0.1691065118626956,0.8344057208996217,0.09779010288314273,0.783367024047697,0.3866794906944549
53,music/Hip Hop English/Kid Cudi - Mr Rager.mp3,3.340758376851671e-07,0.4900209956228953,0.19131751640585562,0.6922869777223446,0.17630125457030588,0.7728238485693837,0.38712515449443713
54,music/Rock/Rise Against - Prayer of the Refugee.mp3,7.564647256996604e-07,0.36826257198391543,0.1453811206461383,0.8747221972874825,0.29695158793379406,0.6376541418133057,0.3871620626882269
55,music/Rock/Radiohead - Creep.mp3,5.624102537721878e-07,0.4218327328598592,0.13175164058556285,0.8662729967526415,0.2501716229720725,0.659085295163573,0.38818580845732714
56,music/Electronic/The XX - Intro.mp3,1.0499547088701581e-06,0.46858751142541977,0.12518929833417466,0.8113825974992293,0.1398986273858255,0.7879266354651961,0.3888309533440924
57,music/Small Cover Song Library/Game of Thrones Theme.mp3,1.2709579328235833e-06,0.4595086642138255,0.13023725391216556,0.8031801284692354,0.12141674070441935,0.8217294564051674,0.38934558577712436
58,music/Sountrack/Game Of Thrones - Main Titles.mp3,1.2709579328235833e-06,0.4595086642138255,0.13023725391216556,0.8031801284692354,0.12141674070441935,0.8217294564051674,0.38934558577712436
59,music/Rock/Red Hot Chili Peppers - Snow (Hey Oh).mp3,4.147421354865101e-07,0.34549079279592715,0.22463402322059567,0.862920897529246,0.23523309836026912,0.6705333678454325,0.38980209908226765
60,music/Other Metal/Rings Of Saturn - The Macrocosm.mp3,1.0198400599853576e-06,0.3932236074059848,0.40030287733467945,0.5559659441753408,0.14253821333644034,0.8483589897098708,0.3900651086337294
61,music/New Pop/Boy - Little Numbers.mp3,2.643816769547491e-07,0.430596293789901,0.13427561837455831,0.770882896514997,0.0795668166664496,0.9275397052919222,0.3904769325032509
62,music/Old Pop/Marvin Gaye - Ain't No Mountain High Enough.mp3,3.687224113464355e-07,0.3861372830175778,0.14386673397274105,0.9507355466845668,0.06514997000943014,0.7993660462712626,0.3908759914463316
63,music/Black Metal/Uada - Black Autumn White Spring.mp3,1.0988844779770973e-06,0.44295485237201265,0.3962645128722867,0.5976428419406614,0.30286053540207253,0.6068812450257685,0.3911008477495466
64,music/Small Cover Song Library/AC DC - TNT (from Live At Donington).mp3,4.059567743023788e-07,0.3304879722632537,0.17415446744068652,0.8987815177284301,0.27286428950333574,0.6724511071460296,0.391456626673085
65,music/Sountrack/Outlander - Dance of the Druids (feat Raya Yarbrough).mp3,6.080194704059569e-07,0.5928855205617335,0.23573952549217567,0.782403871618327,0.12663975728758528,0.6111975473390927,0.39147780505306407
66,music/Melodic Death Metal/At The Gates - Slaughter of the Soul.mp3,1.5291539771136285e-06,0.4022823187292419,0.19636547198384655,0.8997086742984487,0.18963124007134377,0.6639060770705034,0.39198255188456027
67,music/Melodic Death Metal/Dark Tranquillity - Punish My Heaven.mp3,4.913433177284724e-07,0.3088158237413436,0.22614840989399293,0.8582332856285246,0.3028670474389567,0.6559106878168567,0.39199595764383205
68,music/Small Cover Song Library/Dark Tranquillity - Punish My Heaven.mp3,4.913433177284724e-07,0.3088158237413436,0.22614840989399293,0.8582332856285246,0.3028670474389567,0.6559106878168567,0.39199595764383205
69,music/Black Metal/Immortal - All Shall Fall.mp3,1.4257366061694313e-06,0.43607104323509566,0.2332155477031802,0.7930402444000645,0.1309876089138169,0.7656423769549182,0.3931597078239469
70,music/Rock/Blink-182 - Adam's Song.mp3,5.290825474026214e-07,0.3617301479246209,0.18879353861686018,0.8948096156770059,0.16310891284888238,0.7531452017718255,0.3935979909869571
71,music/Small Cover Song Library/Fuer Elise 2.mp3,0.0024358356050513505,0.6032636227705976,0.15598182735991922,0.7787764650880411,0.29024394794172115,0.5339350489542338,0.3941061246199274
72,music/Klassik Solo/Philippe Entremont Beethoven Bagatelle Für Elise .mp3,0.0024358356050513505,0.6032636227705976,0.15598182735991922,0.7787764650880411,0.29024394794172115,0.5339350489542338,0.3941061246199274
73,music/Jazz/Raphael Wressnig - September Nights.mp3,3.365586434655101e-07,0.42306934287119163,0.21504290762241293,0.8216801222222417,0.1764154902173366,0.7321528172332857,0.394726836120852
74,music/Small Cover Song Library/Serj Tankian - Empty Walls.mp3,3.379709700821314e-07,0.3425413753540749,0.23271075214538112,0.8199152632305183,0.20125775592392955,0.7908340986150377,0.39787659720665186
75,music/New Pop/Camila Cabello - Havana.mp3,1.2726267970914966e-07,0.4899529207344848,0.15446744068652196,0.9228992040387973,0.07684666625951769,0.744425022594055,0.3980985635960094
76,music/Old Pop/Corey Hart - Sunglasses At Night.mp3,3.0212848317171875e-07,0.3957921272447368,0.26552246340232205,0.7509102381744972,0.14450559647969846,0.8370466396611284,0.3989628945151444
77,music/Black Metal/Satyricon - Mother North.mp3,1.7185499329553752e-06,0.43748271732430494,0.3503281171125694,0.7381423709267787,0.36140238298309724,0.509583529246047,0.3994901393571217
78,music/Old Pop/Fools Garden - Lemon Tree.mp3,2.685351683603174e-07,0.3593179137510269,0.16557294295810196,0.8656836205262644,0.08086368551191474,0.9313813368117834,0.4004699613490432
79,music/Hip Hop German/Audio88 & Yassin - Gnade (feat Nico KIZ).mp3,2.4289346866883496e-07,0.3988599215881861,0.1686017163048965,0.8152052043992919,0.11943873150097523,0.906318229072923,0.4014040076266236
80,music/Small Cover Song Library/Toto - Africa.mp3,3.183818401250117e-07,0.4221504827082745,0.15295305401312467,0.8728871906294269,0.07665888419592008,0.8898795419815134,0.4024215786516832
81,music/Jazz/Buddy Rich - Caravan (Remastered 2015).mp3,8.014731222921331e-07,0.4143526651268536,0.6527006562342251,0.6615856187473429,0.09806786545638994,0.5885633490467725,0.402545159347451
82,music/Rock/The Offspring - You're Gonna Go Far Kid.mp3,2.74506106741832e-07,0.3897935681799671,0.14941948510853104,0.9498820788183506,0.23106640676012788,0.7058232835163966,0.40433084948158
83,music/Klassik Orchester/Offenbach_ Orpheus In The Underworld (Orphée aux enfers) - Can-Can (Live At Grosser Saal Musikverei.mp3,7.09004064225524e-07,0.4993715390656345,0.1332660272589601,0.8333989093534941,0.2696782534576276,0.7114278755769929,0.4078572189527956
84,music/New Pop/Selena Gomez - Hands To Myself.mp3,2.0263729929153023e-07,0.4816014290698879,0.1337708228167592,0.8901878208502839,0.15391555577770794,0.7888752004701547,0.40805850527034876
85,music/Jazz/Keith Jarrett - Part II Tokyo.mp3,0.0001429776854611096,0.6176889631199013,0.4623927309439677,0.5595605048195897,0.2530638033533822,0.5577733674559467,0.40843705789637474
86,music/Melodic Death Metal/Gormathon - Remember.mp3,5.573517992283168e-07,0.32116943005129245,0.2271580010095911,0.8354488934645699,0.22490210384551618,0.8450297828145158,0.40895146142288086
87,music/Melodic Death Metal/Omnium Gatherum - New World Shadows.mp3,9.586397008337975e-07,0.3995019070018592,0.3003533568904594,0.8239240052438641,0.15057235084179516,0.781683274867663,0.40933930891422365
88,music/Electronic/Martin Garrix - Animals (Original Mix).mp3,5.989925248788453e-07,0.4842334234630108,0.2574457344775366,0.7684644477791365,0.10981695500323314,0.8401567907045289,0.41001965840332844
89,music/Electronic/Miike Snow - Genghis Khan.mp3,3.89361168501644e-07,0.5474390468308977,0.1352852094901565,0.7033132851600712,0.11101414678412738,0.9675097220595217,0.41076029994765717
90,music/Sountrack/Mass Effect 3 - Leaving Earth.mp3,1.5104313131752892e-06,0.5485839518226875,0.1287228672387683,0.7249673799213849,0.43310593711202783,0.6329616154051879,0.4113905436552283
91,music/Other Metal/Judas Priest - Painkiller.mp3,5.047756057625753e-07,0.3574322544251191,0.2453306410903584,0.8609089929702017,0.3064554657637581,0.6985625408041554,0.4114483999715331
92,music/Jazz/Whiplash Soundtrack - Too Hip To Retire.mp3,6.081658845090453e-07,0.39737004182030444,0.17718324078748107,0.8546937440268876,0.1937143311979719,0.8471258372823024,0.41168130054680535
93,music/Sountrack/Flesh And Bone - Dakini_ Movement IV.mp3,7.202258686600197e-07,0.4629750033434122,0.16153457849570924,0.8625551244429492,0.15552705390523333,0.8283764604146602,0.41182815680463886
94,music/Hip Hop German/Zugezogen Maskulin - Was für eine Zeit.mp3,2.2541181584398405e-07,0.49493329767027017,0.20040383644623927,0.8013005767523596,0.10547831042915028,0.8759579362585105,0.4130123638280576
95,music/Klassik Solo/Mozart_ Piano Sonata No11 In A K 331 -_Alla Turca_ - 3 Alla Turca (Allegretto).mp3,0.0002543409906158118,0.5643261440754234,0.16304896516910652,0.807494581055167,0.2915800375093325,0.6585168371632464,0.41420348432714854
96,music/Black Metal/Mgla - Exercises In Futility VI.wav,8.245047970164479e-07,0.4659913141671183,0.569409389197375,0.5424705552481196,0.10854687680951025,0.7988463934607497,0.4142108922312783
97,music/Jazz/Whiplash Soundtrack - Caravan.mp3,9.676617896013282e-07,0.39716395691070727,0.5189298334174659,0.838218186918952,0.17156692675507315,0.5601022770398822,0.4143303581173117
98,music/Melodic Death Metal/In Mourning - The Lighthouse Keeper.mp3,9.295005346030586e-07,0.42743669387315947,0.39424533064109035,0.7191875921760761,0.12485957320462263,0.8210378205573553,0.4144613233254731
99,music/Black Metal/Emperor - I Am The Black Wizards.mp3,1.7405355144524524e-06,0.48019136384067057,0.28369510348308935,0.807494395145151,0.35214347654065115,0.5703684517040388,0.4156490885415192
100,music/Klassik Orchester/Pachelbel_ Canon And Gigue In D Major - 1 Canon.mp3,8.282071235122221e-07,0.5599794065921027,0.15850580514891469,0.8717562584497089,0.2705112001754378,0.6376828753461091,0.41640606231989946
101,music/Other Metal/Trivium - The Crusade.mp3,9.633671317448592e-07,0.39316953462719195,0.5275113579000504,0.7392683144291192,0.18748325790517278,0.6554483825978017,0.41714696847107796
102,music/Small Cover Song Library/Dark Tranquillity - Punish My Heaven (Live in Milan 2008).mp3,1.2474246565193049e-06,0.4068656591851325,0.33518425037859667,0.7325274066474635,0.4097173846392666,0.6210902458138797,0.4175643656814992
103,music/Rock/Wallows - Scrawny [Explicit].mp3,2.66587651088163e-07,0.45474900275818936,0.1352852094901565,0.9388685312891959,0.15241551028145023,0.8260867980886287,0.41790088641587864
104,music/New Pop/Dua Lipa - New Love.mp3,1.1987139701683278e-07,0.4063064295072967,0.26552246340232205,0.7783021543623023,0.2403701054562773,0.8200022186349445,0.41841724853908996
105,music/Small Cover Song Library/ACDC Cover - TNT.mp3,2.5593534874182935e-07,0.45950072046761514,0.18879353861686018,0.9148903252719185,0.12943183710192535,0.822259085307111,0.4191459604501298
106,music/Small Cover Song Library/The Jackson 5 - I Want You Back (SPK Mix).mp3,1.4965006359946789e-07,0.5078092052935516,0.13023725391216556,0.8376639273566495,0.18249972367843492,0.8609812543268309,0.41986525236961597
107,music/Old Pop/Earth Wind And Fire - September.mp3,4.78773307616543e-07,0.43260193887739784,0.15901060070671377,0.9576525208921799,0.2001401715939319,0.7709844245733712,0.4200650225694837
108,music/Hip Hop German/Romano - Köpenick.mp3,3.0099060233184746e-07,0.41733544127510197,0.13276123170116103,0.8829641059003325,0.2613963285488049,0.8356097838097355,0.4216778653709563
109,music/New Pop/Trove Lo - Habits.mp3,9.788058689529589e-08,0.4686804230899564,0.14941948510853104,0.8865084800887734,0.15442803768040542,0.871956388590386,0.42183215207310654
110,music/Klassik Orchester/Liszt - Totentanz.mp3,1.279227676522966e-06,0.5878758322079692,0.8303886925795053,0.3701997684572407,0.2509433213429721,0.4967320833430157,0.42269016285972993
111,music/Electronic/Fytch - In These Shadows (feat Carmen Forbes).mp3,6.429999304971279e-07,0.3643992717897461,0.31398283695103485,0.7301874243268556,0.18795245456270265,0.9484780277780981,0.4241667764013946
112,music/Melodic Death Metal/Insomnium - Weather the Storm.mp3,1.6487740390833647e-06,0.4280315195783178,0.22614840989399293,0.8033608144794088,0.2479922246279603,0.8404220233150217,0.42432610677812344
113,music/Hip Hop English/Bliss n Eso - Tear The Roof Off (feat Watsky).mp3,1.3336912973312872e-07,0.4790355487670602,0.2054517920242302,0.8577103976884768,0.22400293675263377,0.7816031674508452,0.4246339960087293
114,music/Small Cover Song Library/Toto - Africa by Leo (feat Hannah Boulton & Rabea Massaad).mp3,5.853122664371363e-07,0.3696839746483887,0.14336193841494194,0.9382541058205239,0.19474981106292985,0.903349356210562,0.42489996191160223
115,music/Melodic Death Metal/In Flames - The New Word.mp3,1.1076876201671156e-06,0.35868847241760377,0.23119636547198386,0.8962840853142016,0.23930738943705376,0.8309845810845062,0.42607700023549494
116,music/Melodic Death Metal/Mors Principium Est - Masquerade.mp3,9.338899270793647e-07,0.3544961603550754,0.270570418980313,0.7639677781227391,0.22428548435298337,0.9496699616243061,0.4271651228875573
117,music/Other Metal/Finntroll - Under Bergets Rot.mp3,1.1119145202322626e-06,0.36373068990933066,0.1635537607269056,0.9088796720620652,0.3705068265506656,0.7583839042515055,0.4275093275691655
118,music/Electronic/Caravan Palace - Lone Digger.mp3,4.820353937529514e-07,0.5238251048524223,0.18525996971226652,0.7883910564354066,0.23877366641404657,0.8578756433010875,0.4323543204584372
119,music/Melodic Death Metal/Amon Amarth - The Last Stand Of Frej.mp3,1.1645314682360861e-06,0.4345759598106774,0.32306915699141847,0.8083170336648966,0.18267222665549177,0.8650521567383749,0.4356146163987212
120,music/Hip Hop English/Coolio - Gangsta's Paradise.mp3,3.4736369920743565e-07,0.45275351359939187,0.13023725391216556,0.9348665835931358,0.2677029722696349,0.8297288480428013,0.43588158646347147
121,music/Hip Hop English/Chiddy Bang - Opposite Of Adults.mp3,4.069002467526274e-07,0.680296744170145,0.13124684502776376,0.8610889263983882,0.11881497296800689,0.8339337407123036,0.4375636060294757
122,music/Other Metal/Eluveitie - Neverland.mp3,5.225666503083554e-07,0.2963042223524952,0.16557294295810196,0.8980092039673084,0.31241122949720385,0.9536712703441328,0.4376615652809821
123,music/Hip Hop German/SSIO - Schon wieder Sonntag.mp3,2.606981523012933e-07,0.6466693581553615,0.14891468955073195,0.9627169519804062,0.1368547231451519,0.7444565637693569,0.4399354245498601
124,music/Hip Hop German/Juju & Said - Berliner Schnauze.mp3,2.1929190501577075e-07,0.6399402006851732,0.1393235739525492,0.9314606844039618,0.12793833664273874,0.8057775667333312,0.4407400969516098
125,music/Black Metal/Lifelover - Androider.mp3,1.000629325036056e-06,0.39843138664626093,0.3008581524482585,0.8574795197737862,0.3353643995039588,0.758433784708659,0.44176137395170806
126,music/Hip Hop German/Sido - Spring rauf.mp3,5.235612858362211e-07,0.6077991499186017,0.12014134275618374,0.8906535675448948,0.2557034003040593,0.7810019735337281,0.4425499929364589
127,music/Black Metal/Der Weg Einer Freiheit - Letzte Sonne.mp3,9.168189688186371e-07,0.5149697886259632,0.6325088339222615,0.6012513105188976,0.34330565248321565,0.5642957599281674,0.44272204371624563
128,music/Hip Hop German/Kontra K - Erfolg ist kein Glück.mp3,2.3653169524260087e-07,0.6121969687066676,0.12115093387178193,0.9382343018109299,0.16263896818711582,0.8227874597304914,0.4428348114731136
129,music/New Pop/MGMT - Kids.mp3,2.750579690421662e-07,0.3569972086279139,0.21908127208480566,0.8607454765584979,0.23950972458308004,1.0,0.4460556594853777
130,music/Hip Hop English/Logic - Ballin.mp3,4.4081682740198127e-07,0.6219040254682536,0.21857647652700657,0.8053974485604538,0.14923243325250193,0.8868819953234234,0.44699880332474445
131,music/Hip Hop English/Ice Cube - It Was A Good Day.mp3,2.7428352915222546e-07,0.5678268725873384,0.15648662291771834,0.9467605852243478,0.2931505824048987,0.7549345063623867,0.4531932406300366
132,music/Hip Hop English/Grits - Here We Go.mp3,2.2806185752046914e-07,0.6168381275685199,0.15850580514891469,0.8682177197125903,0.17815269705687614,0.9103390718160901,0.45534227489414136
133,music/Black Metal/Ultha - With Knives To The Throat And Hell In Your Heart.wav,1.2848369353826742e-06,0.5070529405435734,0.7097425542655225,0.497135651502864,0.3015998402614952,0.7298390808662569,0.4575618920461079
134,music/Klassik Orchester/Rachmaninoff - The Isle of the Dead Op 29.mp3,5.329706809830334e-06,0.6624781672671402,1.0,0.5736705389775736,0.16370169520640165,0.4808433357588577,0.4801165111527972
135,music/Old Pop/Michael Jackson - They Don't Care About Us.mp3,1.7158519855510372e-07,0.9249027393857976,0.17062089853609289,0.8852356388963031,0.139357050318333,0.7741245636281384,0.48237351039164394
136,music/Electronic/Marshmello & Anne-Marie - Friends.mp3,5.037497264761318e-07,0.6428162893052037,0.14285714285714285,1.0,0.2779547223355473,0.8546585628944476,0.4863812035236779
137,music/Hip Hop English/Dr Dre - Still DRE [feat Snoop D.ogg].mp3,5.767136016952381e-07,0.7915305587872413,0.1635537607269056,0.9605614971561176,0.24982078698493748,0.7535294306345935,0.4864994351672329
138,music/Hip Hop German/257ers - Auseinanda.mp3,3.648805111087051e-07,0.7556764602666887,0.1534578495709238,0.9051401510201006,0.28000777396403176,0.8634743811283891,0.4929594968051075
139,music/Hip Hop English/Eminem - Not Afraid.mp3,3.203200531475508e-07,1.0,0.13629480060575466,0.9237054328097863,0.3287897282650209,0.5719646263329506,0.49345915138892754
140,music/Old Pop/The Buggles - The Plastic Age.mp3,3.843058606309952e-07,0.5032151558633394,0.2821807168096921,0.7754997919239639,0.49917521532841963,0.9088963019943282,0.49482792770426726
141,music/Sountrack/Pirates Of The Carribean - Hans Zimmer - Davy Jones.mp3,1.4506527824873427e-06,0.6363401250687536,0.1413427561837456,0.86237681876203,0.7395583888587145,0.6442634517288298,0.503980498542476
142,music/Klassik Orchester/Grieg_ Peer Gynt Suite No1 Op46 - 4 In der Halle des Bergkönigs.mp3,1.7318713845146405e-06,0.6144750139015559,0.1292276627965674,0.929920373819767,1.0,0.5222891868189189,0.5326523282013655
143,music/Small Cover Song Library/Fuer Elise 1.mp3,1.0,0.6545685087778396,0.17112569409389197,0.6929158488177167,0.3913438925718075,0.4982074696074193,0.5680269023114458
144,music/Klassik Solo/Beethoven - Für Elise.mp3,1.0,0.6545685087778396,0.17112569409389197,0.6929158488177167,0.3913438925718075,0.4982074696074193,0.5680269023114458
